{"text": " No pewnie, obserwowa\u0142em jego dokonania i musz\u0119 przyzna\u0107, \u017ce zrobi\u0142 na mnie wra\u017cenie. Ja mam tak\u0105 pami\u0119\u0107 opart\u0105 na wra\u017ceniach i wra\u017cenie mi pozosta\u0142o po pierwszym spotkaniu. Nie wiem kiedy to by\u0142o, ale on by\u0142 taki, taki nietypowy. P\u00f3\u017aniej zreszt\u0105 zastanawia\u0142em si\u0119, jak to jest mo\u017cliwe, \u017ce robi tak wiele rzeczy. Nieprzeci\u0119tny, ale sw\u00f3j. No w ko\u0144cu to Andrzej, naukowiec. P\u00f3\u017aniej chyba znikn\u0105\u0142 z miejsc, gdzie go \u015bledzi\u0142em. Przy okazji jakiej\u015b konferencji czy eventu chyba widzia\u0142em go, ale nie uda\u0142o mi si\u0119 z nim porozmawia\u0107. Nie, nie mamy \u017cadnego kontaktu. Nie jest moj\u0105 rodzin\u0105, wi\u0119c dlaczego mia\u0142bym ukrywa\u0107? Ja go tylko obserwowa\u0142em. R\u00f3\u017cnych ludzi si\u0119 obserwuje. To nie zbrodnia, prawda? Kiedy w ko\u0144cu zostawicie mnie w spokoju?", "segments": [{"id": 0, "seek": 0, "start": 0.0, "end": 4.62, "text": " No pewnie, obserwowa\u0142em jego dokonania i musz\u0119 przyzna\u0107, \u017ce zrobi\u0142 na mnie wra\u017cenie.", "tokens": [50365, 883, 520, 14215, 11, 12887, 86, 5528, 11126, 26542, 360, 18295, 5609, 741, 1038, 11052, 6501, 35458, 2162, 11, 3561, 24483, 1221, 1667, 17661, 7843, 41118, 13, 50596], "temperature": 0.0, "avg_logprob": -0.10014360922354239, "compression_ratio": 1.462962962962963, "no_speech_prob": 8.347083441107017e-12}, {"id": 1, "seek": 0, "start": 5.12, "end": 10.620000000000001, "text": " Ja mam tak\u0105 pami\u0119\u0107 opart\u0105 na wra\u017ceniach i wra\u017cenie mi pozosta\u0142o po pierwszym spotkaniu.", "tokens": [50621, 3530, 13524, 31069, 31088, 2162, 999, 446, 1611, 1667, 7843, 1427, 15711, 608, 741, 7843, 41118, 2752, 21281, 8638, 5249, 714, 34016, 76, 4008, 74, 25849, 13, 50896], "temperature": 0.0, "avg_logprob": -0.10014360922354239, "compression_ratio": 1.462962962962963, "no_speech_prob": 8.347083441107017e-12}, {"id": 2, "seek": 0, "start": 11.540000000000001, "end": 16.240000000000002, "text": " Nie wiem kiedy to by\u0142o, ale on by\u0142 taki, taki nietypowy.", "tokens": [50942, 12016, 26522, 18777, 281, 14811, 11, 6775, 322, 16673, 20065, 11, 20065, 297, 4014, 79, 10089, 13, 51177], "temperature": 0.0, "avg_logprob": -0.10014360922354239, "compression_ratio": 1.462962962962963, "no_speech_prob": 8.347083441107017e-12}, {"id": 3, "seek": 0, "start": 16.96, "end": 21.2, "text": " P\u00f3\u017aniej zreszt\u0105 zastanawia\u0142em si\u0119, jak to jest mo\u017cliwe, \u017ce robi tak wiele rzeczy.", "tokens": [51213, 430, 812, 33405, 710, 495, 2682, 1611, 36746, 282, 1607, 36368, 3244, 11, 4207, 281, 3492, 30854, 826, 11, 3561, 47380, 991, 33137, 26297, 13, 51425], "temperature": 0.0, "avg_logprob": -0.10014360922354239, "compression_ratio": 1.462962962962963, "no_speech_prob": 8.347083441107017e-12}, {"id": 4, "seek": 0, "start": 22.42, "end": 24.26, "text": " Nieprzeci\u0119tny, ale sw\u00f3j.", "tokens": [51486, 12016, 1424, 1381, 537, 46788, 1634, 11, 6775, 1693, 18999, 13, 51578], "temperature": 0.0, "avg_logprob": -0.10014360922354239, "compression_ratio": 1.462962962962963, "no_speech_prob": 8.347083441107017e-12}, {"id": 5, "seek": 0, "start": 25.18, "end": 27.28, "text": " No w ko\u0144cu to Andrzej, naukowiec.", "tokens": [51624, 883, 261, 26470, 12032, 281, 400, 13503, 73, 11, 35616, 74, 13998, 66, 13, 51729], "temperature": 0.0, "avg_logprob": -0.10014360922354239, "compression_ratio": 1.462962962962963, "no_speech_prob": 8.347083441107017e-12}, {"id": 6, "seek": 2728, "start": 27.28, "end": 30.8, "text": " P\u00f3\u017aniej chyba znikn\u0105\u0142 z miejsc, gdzie go \u015bledzi\u0142em.", "tokens": [50365, 430, 812, 33405, 31532, 710, 13123, 13113, 1221, 710, 32754, 11, 18922, 352, 8299, 1493, 3992, 11126, 13, 50541], "temperature": 0.0, "avg_logprob": -0.11995213172015022, "compression_ratio": 1.3876811594202898, "no_speech_prob": 9.422459340546752e-12}, {"id": 7, "seek": 2728, "start": 31.580000000000002, "end": 37.04, "text": " Przy okazji jakiej\u015b konferencji czy eventu chyba widzia\u0142em go, ale nie uda\u0142o mi si\u0119 z nim porozmawia\u0107.", "tokens": [50580, 39590, 3133, 921, 4013, 4207, 7764, 1788, 5897, 612, 268, 19649, 6430, 2280, 84, 31532, 27486, 36368, 352, 11, 6775, 2838, 44544, 5249, 2752, 3244, 710, 24887, 1515, 15151, 76, 34953, 2162, 13, 50853], "temperature": 0.0, "avg_logprob": -0.11995213172015022, "compression_ratio": 1.3876811594202898, "no_speech_prob": 9.422459340546752e-12}, {"id": 8, "seek": 2728, "start": 38.120000000000005, "end": 39.980000000000004, "text": " Nie, nie mamy \u017cadnego kontaktu.", "tokens": [50907, 12016, 11, 2838, 17335, 39628, 11858, 14373, 37535, 13, 51000], "temperature": 0.0, "avg_logprob": -0.11995213172015022, "compression_ratio": 1.3876811594202898, "no_speech_prob": 9.422459340546752e-12}, {"id": 9, "seek": 2728, "start": 40.620000000000005, "end": 43.8, "text": " Nie jest moj\u0105 rodzin\u0105, wi\u0119c dlaczego mia\u0142bym ukrywa\u0107?", "tokens": [51032, 12016, 3492, 705, 8555, 8685, 23584, 1611, 11, 16677, 37873, 39329, 27989, 2322, 76, 26769, 627, 25234, 30, 51191], "temperature": 0.0, "avg_logprob": -0.11995213172015022, "compression_ratio": 1.3876811594202898, "no_speech_prob": 9.422459340546752e-12}, {"id": 10, "seek": 2728, "start": 44.72, "end": 45.92, "text": " Ja go tylko obserwowa\u0142em.", "tokens": [51237, 3530, 352, 13219, 12887, 86, 5528, 11126, 13, 51297], "temperature": 0.0, "avg_logprob": -0.11995213172015022, "compression_ratio": 1.3876811594202898, "no_speech_prob": 9.422459340546752e-12}, {"id": 11, "seek": 2728, "start": 46.66, "end": 48.74, "text": " R\u00f3\u017cnych ludzi si\u0119 obserwuje.", "tokens": [51334, 497, 812, 1427, 9399, 29586, 3244, 12887, 86, 13008, 13, 51438], "temperature": 0.0, "avg_logprob": -0.11995213172015022, "compression_ratio": 1.3876811594202898, "no_speech_prob": 9.422459340546752e-12}, {"id": 12, "seek": 2728, "start": 49.2, "end": 49.96, "text": " To nie zbrodnia, prawda?", "tokens": [51461, 1407, 2838, 710, 9120, 67, 12679, 11, 43607, 30, 51499], "temperature": 0.0, "avg_logprob": -0.11995213172015022, "compression_ratio": 1.3876811594202898, "no_speech_prob": 9.422459340546752e-12}, {"id": 13, "seek": 2728, "start": 50.84, "end": 52.32, "text": " Kiedy w ko\u0144cu zostawicie mnie w spokoju?", "tokens": [51543, 591, 16446, 261, 26470, 12032, 31873, 1607, 28434, 17661, 261, 637, 13704, 8954, 30, 51617], "temperature": 0.0, "avg_logprob": -0.11995213172015022, "compression_ratio": 1.3876811594202898, "no_speech_prob": 9.422459340546752e-12}], "language": "pl"}