{"text": " Mo\u017ce go zna\u0142am, a mo\u017ce nie. Kto wie? Zacznijmy od tego, \u017ce nie macie prawa mnie tutaj przetrzymywa\u0107. Absolutnie nic z\u0142ego nie zrobi\u0142am. Trzymacie mnie tutaj niezgodnie z prawem. Wiem, \u017ce teraz wszystko si\u0119 zmienia na \u015bwiecie i roboty dyktuj\u0105, jak ma by\u0107, ale o ile si\u0119 nie myl\u0119, dawne prawo nadal obowi\u0105zuje. Mamy tutaj jak\u0105\u015b konstytucj\u0119, prawda? Chc\u0119 rozmawia\u0107 z adwokatem. Maja zna\u0142am, to prawda. By\u0142o to kilka lat temu. Pracowali\u015bmy razem w Warszawie, ale na tym nasza znajomo\u015b\u0107 si\u0119 sko\u0144czy\u0142a. Byli\u015bmy w tej samej pracy. Czy to jest jakie\u015b przest\u0119pstwo? To jest co\u015b niedozwolonego w naszym kraju? Za to mo\u017cna wsadza\u0107 ludzi do wi\u0119zienia? On wjecha\u0142 z Warszawy. Nie ma go tam. Z tego co wiem, pojecha\u0142 do Krakowa. Wyk\u0142ada\u0107 tam chcia\u0142 chyba co\u015b z informatyki czy matematyki. Nie wiem, jak to si\u0119 sko\u0144czy\u0142o. Mo\u017ce to by\u0142y tylko plany?", "segments": [{"id": 0, "seek": 0, "start": 0.0, "end": 5.36, "text": " Mo\u017ce go zna\u0142am, a mo\u017ce nie. Kto wie? Zacznijmy od tego, \u017ce nie macie prawa mnie tutaj przetrzymywa\u0107.", "tokens": [50365, 43774, 352, 710, 629, 20177, 11, 257, 12034, 2838, 13, 591, 1353, 3355, 30, 1176, 14875, 77, 1718, 2226, 3611, 8627, 11, 3561, 2838, 7912, 414, 3206, 4151, 17661, 12749, 6541, 302, 13047, 2226, 25234, 13, 50633], "temperature": 0.0, "avg_logprob": -0.07229967802269024, "compression_ratio": 1.5411764705882354, "no_speech_prob": 8.4454171087045e-12}, {"id": 1, "seek": 0, "start": 5.54, "end": 9.24, "text": " Absolutnie nic z\u0142ego nie zrobi\u0142am. Trzymacie mnie tutaj niezgodnie z prawem.", "tokens": [50642, 5813, 2308, 2766, 6201, 31614, 6308, 2838, 24483, 20177, 13, 1765, 26681, 30805, 17661, 12749, 33511, 21787, 2766, 710, 22508, 443, 13, 50827], "temperature": 0.0, "avg_logprob": -0.07229967802269024, "compression_ratio": 1.5411764705882354, "no_speech_prob": 8.4454171087045e-12}, {"id": 2, "seek": 0, "start": 10.16, "end": 13.74, "text": " Wiem, \u017ce teraz wszystko si\u0119 zmienia na \u015bwiecie i roboty dyktuj\u0105, jak ma by\u0107,", "tokens": [50873, 343, 4907, 11, 3561, 16854, 22607, 3244, 17020, 18811, 1667, 40078, 4260, 741, 3870, 6737, 14584, 2320, 13263, 11, 4207, 463, 15069, 11, 51052], "temperature": 0.0, "avg_logprob": -0.07229967802269024, "compression_ratio": 1.5411764705882354, "no_speech_prob": 8.4454171087045e-12}, {"id": 3, "seek": 0, "start": 13.92, "end": 16.78, "text": " ale o ile si\u0119 nie myl\u0119, dawne prawo nadal obowi\u0105zuje.", "tokens": [51061, 6775, 277, 15465, 3244, 2838, 452, 75, 1274, 11, 43438, 716, 3206, 6120, 12617, 304, 1111, 47886, 11728, 2884, 13, 51204], "temperature": 0.0, "avg_logprob": -0.07229967802269024, "compression_ratio": 1.5411764705882354, "no_speech_prob": 8.4454171087045e-12}, {"id": 4, "seek": 0, "start": 17.400000000000002, "end": 20.7, "text": " Mamy tutaj jak\u0105\u015b konstytucj\u0119, prawda? Chc\u0119 rozmawia\u0107 z adwokatem.", "tokens": [51235, 376, 7804, 12749, 46719, 1788, 34208, 4328, 1311, 11115, 11, 43607, 30, 761, 37965, 35234, 34953, 2162, 710, 614, 86, 453, 26851, 13, 51400], "temperature": 0.0, "avg_logprob": -0.07229967802269024, "compression_ratio": 1.5411764705882354, "no_speech_prob": 8.4454171087045e-12}, {"id": 5, "seek": 0, "start": 21.96, "end": 24.68, "text": " Maja zna\u0142am, to prawda. By\u0142o to kilka lat temu.", "tokens": [51463, 7048, 64, 710, 629, 20177, 11, 281, 43607, 13, 3146, 5249, 281, 36466, 4465, 33346, 13, 51599], "temperature": 0.0, "avg_logprob": -0.07229967802269024, "compression_ratio": 1.5411764705882354, "no_speech_prob": 8.4454171087045e-12}, {"id": 6, "seek": 0, "start": 25.02, "end": 28.28, "text": " Pracowali\u015bmy razem w Warszawie, ale na tym nasza znajomo\u015b\u0107 si\u0119 sko\u0144czy\u0142a.", "tokens": [51616, 2114, 326, 305, 33955, 40225, 261, 48479, 1607, 414, 11, 6775, 1667, 8107, 5382, 2394, 27318, 13395, 7753, 3244, 1110, 78, 5248, 6522, 5024, 13, 51779], "temperature": 0.0, "avg_logprob": -0.07229967802269024, "compression_ratio": 1.5411764705882354, "no_speech_prob": 8.4454171087045e-12}, {"id": 7, "seek": 2828, "start": 28.28, "end": 31.520000000000003, "text": " Byli\u015bmy w tej samej pracy. Czy to jest jakie\u015b przest\u0119pstwo?", "tokens": [50365, 3146, 38452, 261, 12573, 912, 73, 35591, 13, 19832, 281, 3492, 31163, 44264, 18085, 372, 6120, 30, 50527], "temperature": 0.0, "avg_logprob": -0.07267361481984456, "compression_ratio": 1.4007936507936507, "no_speech_prob": 1.0487243018442172e-11}, {"id": 8, "seek": 2828, "start": 31.720000000000002, "end": 36.0, "text": " To jest co\u015b niedozwolonego w naszym kraju? Za to mo\u017cna wsadza\u0107 ludzi do wi\u0119zienia?", "tokens": [50537, 1407, 3492, 19241, 32488, 78, 14406, 401, 546, 1571, 261, 48094, 28248, 8954, 30, 31440, 281, 17790, 37647, 345, 35873, 29586, 360, 10469, 89, 18811, 30, 50751], "temperature": 0.0, "avg_logprob": -0.07267361481984456, "compression_ratio": 1.4007936507936507, "no_speech_prob": 1.0487243018442172e-11}, {"id": 9, "seek": 2828, "start": 36.74, "end": 40.68, "text": " On wjecha\u0142 z Warszawy. Nie ma go tam. Z tego co wiem, pojecha\u0142 do Krakowa.", "tokens": [50788, 1282, 261, 2884, 4413, 1221, 710, 48479, 41961, 13, 12016, 463, 352, 7677, 13, 1176, 8627, 598, 26522, 11, 714, 2884, 4413, 1221, 360, 591, 11272, 5528, 13, 50985], "temperature": 0.0, "avg_logprob": -0.07267361481984456, "compression_ratio": 1.4007936507936507, "no_speech_prob": 1.0487243018442172e-11}, {"id": 10, "seek": 2828, "start": 41.3, "end": 44.2, "text": " Wyk\u0142ada\u0107 tam chcia\u0142 chyba co\u015b z informatyki czy matematyki.", "tokens": [51016, 14458, 74, 46217, 2162, 7677, 26497, 1221, 31532, 19241, 710, 1356, 21398, 2984, 6430, 3803, 8615, 88, 2984, 13, 51161], "temperature": 0.0, "avg_logprob": -0.07267361481984456, "compression_ratio": 1.4007936507936507, "no_speech_prob": 1.0487243018442172e-11}, {"id": 11, "seek": 2828, "start": 44.72, "end": 47.2, "text": " Nie wiem, jak to si\u0119 sko\u0144czy\u0142o. Mo\u017ce to by\u0142y tylko plany?", "tokens": [51187, 12016, 26522, 11, 4207, 281, 3244, 1110, 78, 5248, 6522, 5249, 13, 43774, 281, 26366, 13219, 499, 1325, 30, 51311], "temperature": 0.0, "avg_logprob": -0.07267361481984456, "compression_ratio": 1.4007936507936507, "no_speech_prob": 1.0487243018442172e-11}], "language": "pl"}