{"text": " Ale wy tak na serio pytacie? Bo nie zna\u0107 Andrzeja Maja w naszych kr\u0119gach to naprawd\u0119 by\u0142oby dziwne. Tak, znam go. Podobnie jak pewnie kilka tysi\u0119cy innych uczonych go zna. Andrzej pracowa\u0142 z sieciami neuronowymi. To prawda. By\u0142 wyk\u0142adowc\u0105 w Krakowie. To tak\u017ce prawda. Z tego co wiem, jeszcze przynajmniej p\u00f3\u0142 roku temu tam pracowa\u0142. Wydzia\u0142 czy tam Instytut Informatyki i Matematyki Komputerowej, czy jako\u015b tak. Nie pami\u0119tam jak si\u0119 to dok\u0142adnie teraz nazywa, ale w ka\u017cdym razie go\u015b\u0107 pracowa\u0142 z komputerami i sieciami neuronowymi. No chyba jeste\u015bcie w stanie skojarzy\u0107 fakty, nie? Komputery, sieci neuronowe, to si\u0119 \u0142\u0105czy. Bezpo\u015brednio z nim nie mia\u0142am kontaktu. Mo\u017ce raz na jakim\u015b sympozjum naukowym pogratulowa\u0142am mu \u015bwietnego wyk\u0142adu, ale to wszystko co nas \u0142\u0105czy\u0142o. Jeden u\u015bcisk d\u0142oni, nigdy nie weszli\u015bmy do wsp\u00f3lnego projektu. Nigdy nie korespondowa\u0142am z nim tak naprawd\u0119. Znam go jako celebryt\u0119 ze \u015bwiata nauki, ale to wszystko co mog\u0119 wam powiedzie\u0107.", "segments": [{"id": 0, "seek": 0, "start": 0.0, "end": 2.32, "text": " Ale wy tak na serio pytacie?", "tokens": [50365, 9366, 4628, 991, 1667, 49531, 25878, 30805, 30, 50481], "temperature": 0.0, "avg_logprob": -0.11987832088598468, "compression_ratio": 1.4489795918367347, "no_speech_prob": 7.016708828549989e-12}, {"id": 1, "seek": 0, "start": 2.96, "end": 8.120000000000001, "text": " Bo nie zna\u0107 Andrzeja Maja w naszych kr\u0119gach to naprawd\u0119 by\u0142oby dziwne.", "tokens": [50513, 3286, 2838, 710, 629, 2162, 400, 13503, 2938, 7048, 64, 261, 45002, 15913, 1274, 70, 608, 281, 20970, 16673, 13944, 31981, 86, 716, 13, 50771], "temperature": 0.0, "avg_logprob": -0.11987832088598468, "compression_ratio": 1.4489795918367347, "no_speech_prob": 7.016708828549989e-12}, {"id": 2, "seek": 0, "start": 8.48, "end": 9.5, "text": " Tak, znam go.", "tokens": [50789, 9118, 11, 710, 5378, 352, 13, 50840], "temperature": 0.0, "avg_logprob": -0.11987832088598468, "compression_ratio": 1.4489795918367347, "no_speech_prob": 7.016708828549989e-12}, {"id": 3, "seek": 0, "start": 10.3, "end": 13.280000000000001, "text": " Podobnie jak pewnie kilka tysi\u0119cy innych uczonych go zna.", "tokens": [50880, 12646, 996, 2766, 4207, 520, 14215, 36466, 38156, 47303, 36286, 35403, 2526, 339, 352, 710, 629, 13, 51029], "temperature": 0.0, "avg_logprob": -0.11987832088598468, "compression_ratio": 1.4489795918367347, "no_speech_prob": 7.016708828549989e-12}, {"id": 4, "seek": 0, "start": 13.84, "end": 15.82, "text": " Andrzej pracowa\u0142 z sieciami neuronowymi.", "tokens": [51057, 400, 13503, 73, 22404, 30105, 710, 2804, 537, 4526, 34090, 10089, 3057, 13, 51156], "temperature": 0.0, "avg_logprob": -0.11987832088598468, "compression_ratio": 1.4489795918367347, "no_speech_prob": 7.016708828549989e-12}, {"id": 5, "seek": 0, "start": 16.16, "end": 16.740000000000002, "text": " To prawda.", "tokens": [51173, 1407, 43607, 13, 51202], "temperature": 0.0, "avg_logprob": -0.11987832088598468, "compression_ratio": 1.4489795918367347, "no_speech_prob": 7.016708828549989e-12}, {"id": 6, "seek": 0, "start": 17.400000000000002, "end": 18.68, "text": " By\u0142 wyk\u0142adowc\u0105 w Krakowie.", "tokens": [51235, 3146, 1221, 4628, 15317, 305, 32557, 261, 591, 11272, 13998, 13, 51299], "temperature": 0.0, "avg_logprob": -0.11987832088598468, "compression_ratio": 1.4489795918367347, "no_speech_prob": 7.016708828549989e-12}, {"id": 7, "seek": 0, "start": 19.0, "end": 19.88, "text": " To tak\u017ce prawda.", "tokens": [51315, 1407, 23306, 43607, 13, 51359], "temperature": 0.0, "avg_logprob": -0.11987832088598468, "compression_ratio": 1.4489795918367347, "no_speech_prob": 7.016708828549989e-12}, {"id": 8, "seek": 0, "start": 20.52, "end": 23.72, "text": " Z tego co wiem, jeszcze przynajmniej p\u00f3\u0142 roku temu tam pracowa\u0142.", "tokens": [51391, 1176, 8627, 598, 26522, 11, 14168, 6501, 20981, 47658, 47907, 19451, 33346, 7677, 22404, 30105, 13, 51551], "temperature": 0.0, "avg_logprob": -0.11987832088598468, "compression_ratio": 1.4489795918367347, "no_speech_prob": 7.016708828549989e-12}, {"id": 9, "seek": 0, "start": 24.04, "end": 29.12, "text": " Wydzia\u0142 czy tam Instytut Informatyki i Matematyki Komputerowej, czy jako\u015b tak.", "tokens": [51567, 343, 6655, 43070, 6430, 7677, 2730, 4328, 325, 34301, 21398, 2984, 741, 6789, 8615, 88, 2984, 14286, 13849, 21091, 11, 6430, 17123, 1788, 991, 13, 51821], "temperature": 0.0, "avg_logprob": -0.11987832088598468, "compression_ratio": 1.4489795918367347, "no_speech_prob": 7.016708828549989e-12}, {"id": 10, "seek": 2912, "start": 29.12, "end": 36.42, "text": " Nie pami\u0119tam jak si\u0119 to dok\u0142adnie teraz nazywa, ale w ka\u017cdym razie go\u015b\u0107 pracowa\u0142 z komputerami i sieciami neuronowymi.", "tokens": [50365, 12016, 31088, 37323, 4207, 3244, 281, 45864, 2766, 16854, 20151, 88, 4151, 11, 6775, 261, 31615, 76, 9639, 414, 352, 7753, 22404, 30105, 710, 5207, 13849, 4526, 741, 2804, 537, 4526, 34090, 10089, 3057, 13, 50730], "temperature": 0.0, "avg_logprob": -0.0953944160277585, "compression_ratio": 1.5389408099688473, "no_speech_prob": 1.1665575623542868e-11}, {"id": 11, "seek": 2912, "start": 36.94, "end": 39.5, "text": " No chyba jeste\u015bcie w stanie skojarzy\u0107 fakty, nie?", "tokens": [50756, 883, 31532, 25255, 9815, 261, 40013, 1110, 78, 10150, 27150, 33647, 874, 11, 2838, 30, 50884], "temperature": 0.0, "avg_logprob": -0.0953944160277585, "compression_ratio": 1.5389408099688473, "no_speech_prob": 1.1665575623542868e-11}, {"id": 12, "seek": 2912, "start": 40.02, "end": 42.72, "text": " Komputery, sieci neuronowe, to si\u0119 \u0142\u0105czy.", "tokens": [50910, 14286, 2582, 2109, 11, 2804, 537, 34090, 6880, 11, 281, 3244, 220, 15926, 6522, 13, 51045], "temperature": 0.0, "avg_logprob": -0.0953944160277585, "compression_ratio": 1.5389408099688473, "no_speech_prob": 1.1665575623542868e-11}, {"id": 13, "seek": 2912, "start": 43.74, "end": 45.56, "text": " Bezpo\u015brednio z nim nie mia\u0142am kontaktu.", "tokens": [51096, 879, 89, 2259, 1788, 986, 41084, 710, 24887, 2838, 27989, 335, 14373, 37535, 13, 51187], "temperature": 0.0, "avg_logprob": -0.0953944160277585, "compression_ratio": 1.5389408099688473, "no_speech_prob": 1.1665575623542868e-11}, {"id": 14, "seek": 2912, "start": 45.82, "end": 51.120000000000005, "text": " Mo\u017ce raz na jakim\u015b sympozjum naukowym pogratulowa\u0142am mu \u015bwietnego wyk\u0142adu, ale to wszystko co nas \u0142\u0105czy\u0142o.", "tokens": [51200, 43774, 9639, 1667, 49410, 1788, 6697, 2259, 89, 73, 449, 35616, 74, 31691, 32037, 4481, 425, 5528, 20177, 2992, 8299, 39083, 11858, 4628, 15317, 84, 11, 6775, 281, 22607, 598, 5382, 220, 15926, 6522, 5249, 13, 51465], "temperature": 0.0, "avg_logprob": -0.0953944160277585, "compression_ratio": 1.5389408099688473, "no_speech_prob": 1.1665575623542868e-11}, {"id": 15, "seek": 2912, "start": 51.66, "end": 54.760000000000005, "text": " Jeden u\u015bcisk d\u0142oni, nigdy nie weszli\u015bmy do wsp\u00f3lnego projektu.", "tokens": [51492, 508, 6876, 344, 1788, 66, 7797, 44042, 17049, 11, 26996, 3173, 2838, 261, 10430, 38452, 360, 47148, 11858, 26261, 84, 13, 51647], "temperature": 0.0, "avg_logprob": -0.0953944160277585, "compression_ratio": 1.5389408099688473, "no_speech_prob": 1.1665575623542868e-11}, {"id": 16, "seek": 2912, "start": 55.22, "end": 57.38, "text": " Nigdy nie korespondowa\u0142am z nim tak naprawd\u0119.", "tokens": [51670, 39554, 3173, 2838, 350, 2706, 79, 684, 5528, 20177, 710, 24887, 991, 20970, 13, 51778], "temperature": 0.0, "avg_logprob": -0.0953944160277585, "compression_ratio": 1.5389408099688473, "no_speech_prob": 1.1665575623542868e-11}, {"id": 17, "seek": 5738, "start": 57.38, "end": 62.040000000000006,