{"text": " \u2013 Andrzej Maj? No, co\u015b kojarz\u0119. By\u0142 taki go\u015b\u0107 i pami\u0119tam, pracowa\u0142 u nas w biurze. By\u0142 project managerem. Chocia\u017c, moment, mo\u017ce to jednak by\u0142 Arkadiusz Moj? Te\u017c na liter\u0119 A. M\u00f3g\u0142bym si\u0119 pomyli\u0107. \u2013 No jednak tak, Arkadiusz. Z Arkadiuszem wsp\u00f3\u0142pracowa\u0142em w Wa\u0142brzychu. Pami\u0119tam, \u017ce by\u0142 naprawd\u0119 wrednym facetem. Normalnie nie chcia\u0142by\u015b z takim pracowa\u0107. Jak co\u015b by\u0142o do zrobienia, to albo stosowa\u0142 typow\u0105 spychologi\u0119, albo zamiata\u0142 spraw\u0119 pod dywan. Nigdy cz\u0142owieka nie doceni\u0142. Wszystkie zas\u0142ugi bra\u0142 na siebie. By\u0142 naprawd\u0119 beznadziejny. \u2013 Arkadiusza pami\u0119tam jak dzi\u015b, wi\u0119c je\u015bli chcecie go aresztowa\u0107, to jak najbardziej. Jestem za. Takich ludzi powinno si\u0119 zamyka\u0107, a nie mnie, bo ja jestem niewinny. Jak chcecie, to ja wam mog\u0119 adres nawet poda\u0107. Stefana Batorego, 68D. Tylko D, jak Danuta. Bo pod B mieszka jego ciocia, a ona by\u0142a fajna. Jak b\u0119dziecie Arkadiusza aresztowa\u0107, to prosz\u0119 powiedzcie mu z pozdrowieniami od Adama. On b\u0119dzie wiedzia\u0142, o kogo chodzi.", "segments": [{"id": 0, "seek": 0, "start": 0.0, "end": 15.96, "text": " \u2013 Andrzej Maj? No, co\u015b kojarz\u0119. By\u0142 taki go\u015b\u0107 i pami\u0119tam, pracowa\u0142 u nas w biurze. By\u0142 project managerem. Chocia\u017c, moment, mo\u017ce to jednak by\u0142 Arkadiusz Moj? Te\u017c na liter\u0119 A. M\u00f3g\u0142bym si\u0119 pomyli\u0107.", "tokens": [50365, 1662, 400, 13503, 73, 7048, 30, 883, 11, 19241, 8384, 10150, 11052, 13, 3146, 1221, 20065, 352, 7753, 741, 31088, 37323, 11, 22404, 30105, 344, 5382, 261, 3228, 374, 1381, 13, 3146, 1221, 1716, 587, 559, 7333, 13, 12366, 42673, 11, 1623, 11, 12034, 281, 25897, 16673, 16427, 345, 4872, 89, 3335, 73, 30, 1989, 1427, 1667, 2733, 1274, 316, 13, 376, 14047, 43579, 3244, 280, 8488, 2081, 2162, 13, 51163], "temperature": 0.0, "avg_logprob": -0.13728425309464737, "compression_ratio": 1.1576086956521738, "no_speech_prob": 1.1657639263640274e-11}, {"id": 1, "seek": 1596, "start": 15.96, "end": 38.44, "text": " \u2013 No jednak tak, Arkadiusz. Z Arkadiuszem wsp\u00f3\u0142pracowa\u0142em w Wa\u0142brzychu. Pami\u0119tam, \u017ce by\u0142 naprawd\u0119 wrednym facetem. Normalnie nie chcia\u0142by\u015b z takim pracowa\u0107. Jak co\u015b by\u0142o do zrobienia, to albo stosowa\u0142 typow\u0105 spychologi\u0119, albo zamiata\u0142 spraw\u0119 pod dywan. Nigdy cz\u0142owieka nie doceni\u0142. Wszystkie zas\u0142ugi bra\u0142 na siebie. By\u0142 naprawd\u0119 beznadziejny.", "tokens": [50365, 1662, 883, 25897, 991, 11, 16427, 345, 4872, 89, 13, 1176, 16427, 345, 4872, 24313, 39069, 1424, 326, 5528, 11126, 261, 15405, 1221, 1443, 28051, 84, 13, 430, 23806, 37323, 11, 3561, 16673, 20970, 261, 986, 12996, 1915, 302, 443, 13, 21277, 2766, 2838, 26497, 34635, 1788, 710, 31732, 22404, 11445, 13, 15029, 19241, 14811, 360, 44399, 18811, 11, 281, 22622, 43581, 30105, 2125, 30297, 637, 16384, 1132, 5034, 11, 22622, 710, 4526, 3274, 1221, 22734, 1274, 2497, 14584, 7916, 13, 39554, 3173, 36282, 2330, 2838, 3211, 15711, 1221, 13, 343, 10424, 22872, 26530, 1221, 24780, 1548, 1221, 1667, 39137, 13, 3146, 1221, 20970, 10782, 36567, 19554, 1634, 13, 51489], "temperature": 0.0, "avg_logprob": -0.050670657537679756, "compression_ratio": 1.393939393939394, "no_speech_prob": 7.764451408209805e-12}, {"id": 2, "seek": 3844, "start": 38.44, "end": 47.18, "text": " \u2013 Arkadiusza pami\u0119tam jak dzi\u015b, wi\u0119c je\u015bli chcecie go aresztowa\u0107, to jak najbardziej. Jestem za. Takich ludzi powinno si\u0119 zamyka\u0107, a nie mnie, bo ja jestem niewinny.", "tokens": [50365, 1662, 16427, 345, 4872, 2394, 31088, 37323, 4207, 31981, 1788, 11, 16677, 25630, 28928, 4260, 352, 366, 82, 2682, 11445, 11, 281, 4207, 41857, 13, 24918, 443, 7949, 13, 9118, 480, 29586, 27310, 1771, 3244, 710, 7804, 2330, 2162, 11, 257, 2838, 17661, 11, 748, 2784, 29627, 43622, 259, 1634, 13, 50802], "temperature": 0.0, "avg_logprob": -0.06463229572856342, "compression_ratio": 1.515358361774744, "no_speech_prob": 1.4665069505981343e-11}, {"id": 3, "seek": 3844, "start": 47.92, "end": 55.959999999999994, "text": " Jak chcecie, to ja wam mog\u0119 adres nawet poda\u0107. Stefana Batorego, 68D. Tylko D, jak Danuta. Bo pod B mieszka jego ciocia, a ona by\u0142a fajna.", "tokens": [50839, 15029, 28928, 4260, 11, 281, 2784, 39104, 41737, 614, 495, 22696, 2497, 43379, 13, 43421, 2095, 10066, 418, 1571, 11, 23317, 35, 13, 49286, 4093, 413, 11, 4207, 3394, 12093, 13, 3286, 2497, 363, 33039, 2330, 26542, 269, 1004, 2755, 11, 257, 20325, 23936, 34001, 629, 13, 51241], "temperature": 0.0, "avg_logprob": -0.06463229572856342, "compression_ratio": 1.515358361774744, "no_speech_prob": 1.4665069505981343e-11}, {"id": 4, "seek": 3844, "start": 56.739999999999995, "end": 63.019999999999996, "text": " Jak b\u0119dziecie Arkadiusza aresztowa\u0107, to prosz\u0119 powiedzcie mu z pozdrowieniami od Adama. On b\u0119dzie wiedzia\u0142, o kogo chodzi.", "tokens": [51280, 15029, 10562, 4260, 16427, 345, 4872, 2394, 366, 82, 2682, 11445, 11, 281, 39677, 27617, 4260, 2992, 710, 21281, 67, 1892, 1053, 15568, 3611, 1999, 2404, 13, 1282, 10562, 261, 15338, 8908, 11, 277, 350, 23515, 23998, 13, 51594], "temperature": 0.0, "avg_logprob": -0.06463229572856342, "compression_ratio": 1.515358361774744, "no_speech_prob": 1.4665069505981343e-11}], "language": "pl"}