{"text": " Go\u015b\u0107 mia\u0142 ambicje, zna\u0142em go w sumie od dzieci\u0144stwa. W zasadzie to zna\u0142em, bo troch\u0119 nam si\u0119 kontakt durwa\u0142, ale jak najbardziej, pracowali\u015bmy razem. On zawsze chcia\u0142 pracowa\u0107 na jakiej\u015b znanej uczelni. Po studiach, pami\u0119tam, zosta\u0142 na uczelni, robi\u0142 doktorat z sieci neuronowych i uczenia maszynowego, potem przeni\u00f3s\u0142 si\u0119 na inn\u0105 uczelni\u0119 i pracowa\u0142 chwil\u0119 w Warszawie, ale to by\u0142 tylko epizod z t\u0105 Warszaw\u0105. On zawsze m\u00f3wi\u0142, \u017ce zawsze musi pracowa\u0107 na jakiej\u015b wa\u017cnej uczelni, bo w tym \u015brodowisku bufon\u00f3w naukowych to si\u0119 presti\u017c liczy. M\u00f3wi\u0142, kr\u00f3lewska uczelnia, to jest to, co chce osi\u0105gn\u0105\u0107. Na tym mu zale\u017ca\u0142o. M\u00f3wi\u0142, ja si\u0119 tam dostan\u0119, zobaczysz, no i b\u0119d\u0119 tam wyk\u0142ada\u0142. Z tego, co wiem, no to osi\u0105gn\u0105\u0142 sw\u00f3j cel. No i brawa dla niego. Lubi\u0119 ludzi, kt\u00f3rzy jak si\u0119 upr\u0105, \u017ce co\u015b zrobi\u0105, to po prostu to zrobi\u0105. Ale to nie by\u0142o \u0142atwe. Ale go\u015bciowi si\u0119 uda\u0142o i to wcale nie metod\u0105 po trupach do celu. Andrzej by\u0142 okej. Szanowa\u0142 ludzi. Marzy\u0142 o tej uczelni i z tego, co wiem, to na niej wyl\u0105dowa\u0142. Nie mia\u0142em z nim ju\u017c kontaktu, ale widzia\u0142em, \u017ce profil na LinkedIn zaktualizowa\u0142. Nie powiedzieli\u015bcie mi, dlaczego szukacie, bo praca na uczelni to nie jest co\u015b zabronionego, prawda? A z rzeczy wa\u017cnych, to chcia\u0142bym wiedzie\u0107, dlaczego jestem tu, gdzie jestem i w sumie kiedy si\u0119 sko\u0144czy to przes\u0142uchanie. Dostaj\u0119 pytania chyba od dw\u00f3ch godzin i w sumie powiedzia\u0142em ju\u017c wszystko, co wiem.", "segments": [{"id": 0, "seek": 0, "start": 0.26, "end": 3.24, "text": " Go\u015b\u0107 mia\u0142 ambicje, zna\u0142em go w sumie od dzieci\u0144stwa.", "tokens": [50378, 1037, 7753, 27989, 3913, 299, 2884, 11, 710, 629, 11126, 352, 261, 2408, 414, 3611, 38612, 12229, 4151, 13, 50527], "temperature": 0.0, "avg_logprob": -0.12180419256223128, "compression_ratio": 1.520979020979021, "no_speech_prob": 1.1648791306551054e-11}, {"id": 1, "seek": 0, "start": 3.52, "end": 7.0200000000000005, "text": " W zasadzie to zna\u0142em, bo troch\u0119 nam si\u0119 kontakt durwa\u0142,", "tokens": [50541, 343, 44585, 3283, 281, 710, 629, 11126, 11, 748, 24926, 8835, 3244, 14373, 5886, 4861, 44603, 11, 50716], "temperature": 0.0, "avg_logprob": -0.12180419256223128, "compression_ratio": 1.520979020979021, "no_speech_prob": 1.1648791306551054e-11}, {"id": 2, "seek": 0, "start": 7.2, "end": 9.68, "text": " ale jak najbardziej, pracowali\u015bmy razem.", "tokens": [50725, 6775, 4207, 41857, 11, 22404, 305, 33955, 40225, 13, 50849], "temperature": 0.0, "avg_logprob": -0.12180419256223128, "compression_ratio": 1.520979020979021, "no_speech_prob": 1.1648791306551054e-11}, {"id": 3, "seek": 0, "start": 10.34, "end": 12.8, "text": " On zawsze chcia\u0142 pracowa\u0107 na jakiej\u015b znanej uczelni.", "tokens": [50882, 1282, 30964, 26497, 1221, 22404, 11445, 1667, 4207, 7764, 1788, 15397, 1929, 73, 35403, 338, 3722, 13, 51005], "temperature": 0.0, "avg_logprob": -0.12180419256223128, "compression_ratio": 1.520979020979021, "no_speech_prob": 1.1648791306551054e-11}, {"id": 4, "seek": 0, "start": 13.1, "end": 15.72, "text": " Po studiach, pami\u0119tam, zosta\u0142 na uczelni,", "tokens": [51020, 6165, 972, 72, 608, 11, 31088, 37323, 11, 23154, 1221, 1667, 35403, 338, 3722, 11, 51151], "temperature": 0.0, "avg_logprob": -0.12180419256223128, "compression_ratio": 1.520979020979021, "no_speech_prob": 1.1648791306551054e-11}, {"id": 5, "seek": 0, "start": 15.82, "end": 18.72, "text": " robi\u0142 doktorat z sieci neuronowych i uczenia maszynowego,", "tokens": [51156, 3870, 40622, 360, 28359, 267, 710, 2804, 537, 34090, 19605, 741, 344, 38517, 2300, 1229, 3785, 6308, 11, 51301], "temperature": 0.0, "avg_logprob": -0.12180419256223128, "compression_ratio": 1.520979020979021, "no_speech_prob": 1.1648791306551054e-11}, {"id": 6, "seek": 0, "start": 19.22, "end": 22.64, "text": " potem przeni\u00f3s\u0142 si\u0119 na inn\u0105 uczelni\u0119 i pracowa\u0142 chwil\u0119 w Warszawie,", "tokens": [51326, 36513, 582, 2904, 7138, 82, 1221, 3244, 1667, 7714, 1611, 35403, 338, 35938, 741, 22404, 30105, 41941, 1274, 261, 48479, 1607, 414, 11, 51497], "temperature": 0.0, "avg_logprob": -0.12180419256223128, "compression_ratio": 1.520979020979021, "no_speech_prob": 1.1648791306551054e-11}, {"id": 7, "seek": 0, "start": 22.740000000000002, "end": 25.22, "text": " ale to by\u0142 tylko epizod z t\u0105 Warszaw\u0105.", "tokens": [51502, 6775, 281, 16673, 13219, 2388, 590, 378, 710, 32294, 48479, 1607, 1611, 13, 51626], "temperature": 0.0, "avg_logprob": -0.12180419256223128, "compression_ratio": 1.520979020979021, "no_speech_prob": 1.1648791306551054e-11}, {"id": 8, "seek": 2522, "start": 25.22, "end": 30.22, "text": " On zawsze m\u00f3wi\u0142, \u017ce zawsze musi pracowa\u0107 na jakiej\u015b wa\u017cnej uczelni,", "tokens": [50365, 1282, 30964, 24592, 1221, 11, 3561, 30964, 37587, 22404, 11445, 1667, 4207, 7764, 1788, 27777, 11794, 35403, 338, 3722, 11, 50615], "temperature": 0.0, "avg_logprob": -0.08008763175340569, "compression_ratio": 1.5206896551724138, "no_speech_prob": 1.3184049338366144e-11}, {"id": 9, "seek": 2522, "start": 30.64, "end": 33.86, "text": " bo w tym \u015brodowisku bufon\u00f3w naukowych to si\u0119 presti\u017c liczy.", "tokens": [50636, 748, 261, 8107, 28580, 305, 271, 5279, 758, 14338, 3901, 35616, 74, 19605, 281, 3244, 16305, 72, 1427, 6169, 1229, 13, 50797], "temperature": 0.0, "avg_logprob": -0.08008763175340569, "compression_ratio": 1.5206896551724138, "no_speech_prob": 1.3184049338366144e-11}, {"id": 10, "seek": 2522, "start": 34.4, "end": 37.92, "text": " M\u00f3wi\u0142, kr\u00f3lewska uczelnia, to jest to, co chce osi\u0105gn\u0105\u0107.", "tokens": [50824, 376, 3901, 40622, 11, 42366, 306, 14358, 2330, 35403, 9878, 654, 11, 281, 3492, 281, 11, 598, 28928, 3003, 11404, 4568, 36374, 13, 51000], "temperature": 0.0, "avg_logprob": -0.08008763175340569, "compression_ratio": 1.5206896551724138, "no_speech_prob": 1.3184049338366144e-11}, {"id": 11, "seek": 2522, "start": 38.44, "end": 39.4, "text": " Na tym mu zale\u017ca\u0142o.", "tokens": [51026, 6056, 8107, 2992, 710, 1220, 35075, 5249, 13, 51074], "temperature": 0.0, "avg_logprob": -0.08008763175340569, "compression_ratio": 1.5206896551724138, "no_speech_prob": 1.3184049338366144e-11}, {"id": 12, "seek": 2522, "start": 39.9, "end": 44.08, "text": " M\u00f3wi\u0142, ja si\u0119 tam dostan\u0119, zobaczysz, no i b\u0119d\u0119 tam wyk\u0142ada\u0142.", "tokens": [51099, 376, 3901, 40622, 11, 2784, 3244, 7677, 20568, 282, 1274, 11, 25100, 14875, 20589, 11, 572, 741, 39240, 7677, 39287, 46217, 1221, 13, 51308], "temperature": 0.0, "avg_logprob": -0.08008763175340569, "compression_ratio": 1.5206896551724138, "no_speech_prob": 1.3184049338366144e-11}, {"id": 13, "seek": 2522, "start": 44.68, "end": 47.620000000000005, "text": " Z tego, co wiem, no to osi\u0105gn\u0105\u0142 sw\u00f3j cel.", "tokens": [51338, 1176, 8627, 11, 598, 26522, 11, 572, 281, 3003, 11404, 4568, 1611, 1221, 1693, 18999, 9277, 13, 51485], "temperature": 0.0, "avg_logprob": -0.08008763175340569, "compression_ratio": 1.5206896551724138, "no_speech_prob": 1.3184049338366144e-11}, {"id": 14, "seek": 2522, "start": 48.019999999999996, "end": 49.36, "text": " No i brawa dla niego.", "tokens": [51505, 883, 741, 1548, 4151, 12285, 49615, 13, 51572], "temperature": 0.0, "avg_logprob": -0.08008763175340569, "compression_ratio": 1.5206896551724138, "no_speech_prob": 1.3184049338366144e-11}, {"id": 15, "seek": 2522, "start": 50.7, "end": 54.599999999999994,